"logFC","FC","P.Value","adj.P.Val","entrez_ID","merged_symbol","merged_description","ensembl_description","AveExpr","CI.L","CI.R","t"
-6.60710389277554,-97.4846992523746,9.56448312753702e-06,8.89848110587008e-05,"118470013","LOC118470013","hemicentin-1-like.5",NA,2.62134059225775,-11.1359132384603,-2.07829454709082,-4.66747322305676
-5.28547470948624,-39.0019596694269,0.00324005293998151,0.0124082966254128,"111571570","LOC111571570_ENSAOCG00000013773","L-rhamnose-binding lectin SML-like","L-rhamnose-binding lectin SML-like",1.943111553491,-10.8896208794684,0.318671460495888,-3.01737496147233
-4.63750687618605,-24.8902165358829,1.47892070497502e-14,1.4156886286112e-12,"111568770","cldn18_ENSAOCG00000015619","claudin 18","claudin-18-like.1",3.1215131597087,-6.28239047790044,-2.99262327447165,-9.01995005653371
-4.54011494424139,-23.2654138350417,1.15165264816837e-14,1.14305505697006e-12,"111588869","LOC111588869_SLC6A18","sodium-dependent neutral amino acid transporter B(0)AT1-like.4","sodium-dependent neutral amino acid transporter B(0)AT1-like.4",1.71691844266716,-6.14159863430706,-2.93863125417571,-9.06982829895879
-4.39239353912236,-21.0011079856365,9.19609821537173e-22,5.82545774596107e-19,"111582402","hbae5","hemoglobin, alpha embryonic 5","hemoglobin subunit alpha-1, LA-cluster",8.14258105271102,-5.53078056019714,-3.25400651804758,-12.3442880055651
-3.90367305047957,-14.966583791788,3.39513055246162e-23,4.5702701149324e-20,"111586420","LOC111586420","mucin-5AC-like",NA,6.16753077558511,-4.86272478296202,-2.94462131799712,-13.0222533268766
-3.87222014962513,-14.6438211094333,1.44327803048963e-22,1.48025343908027e-19,"111583223","LOC111583223_ENSAOCG00000006302","gastricsin-like","pepsinogenC (gastricsin)-like.1",7.84534447530184,-4.8458636565856,-2.89857664266466,-12.7237405813189
-3.77736511950423,-13.7119810867006,1.19105357716545e-10,4.19165227859304e-09,"118469206","LOC118469206","mucin-2-like.11",NA,2.18590189754998,-5.45633797999997,-2.09839225900848,-7.19780417392617
-3.58409174040358,-11.9927594045962,6.07867484554701e-22,4.84898143790339e-19,"111575588","LOC111575588_cox4i2","cytochrome c oxidase subunit 4 isoform 2, mitochondrial","cytochrome c oxidase subunit 4 isoform 2, mitochondrial-like",5.17520919889147,-4.50666702193989,-2.66151645886728,-12.4288813027131
-3.55096589325438,-11.7205299086315,4.20958566170082e-21,2.06059218140255e-18,"111583420","LOC111583420_ENSAOCG00000016750","pepsin A-like.1","pepsinogenA2-like",10.1048618590656,-4.49496474178789,-2.60696704472087,-12.0345477303307
-3.36106088389135,-10.2749600814694,4.08813919986851e-05,0.000310145622003409,"111573770","LOC111573770_ENSAOCG00000024278","lactose-binding lectin l-2-like","lactose-binding lectin l-2-like.1",0.484408936862504,-5.86503836549977,-0.857083402282943,-4.29438223886117
-3.32062336105834,-9.99096036246655,5.53928115886877e-09,1.27872494747819e-07,"111573988","LOC111573988_opn1lw1","red-sensitive opsin","red-sensitive opsin",4.86717342643423,-4.98430418118649,-1.65694254093019,-6.38563875733911
-3.15731115658903,-8.92165374063446,2.63479262158056e-09,6.5302834848794e-08,"111565639","LOC111565639_ENSAOCG00000017465","cytochrome P450 2F2-like.6","cytochrome P450 2F2-like.8",2.32690003181702,-4.70055571948437,-1.61406659369369,-6.54541769145823
-3.02361283238607,-8.13201475233291,5.18352737896911e-29,1.11642812688237e-24,"111571552","LOC111571552_ENSAOCG00000022101","bile salt-activated lipase-like.3","bile salt-activated lipase-like.1",8.94703068270399,-3.63242343354581,-2.41480223122632,-15.8890785121197
-2.94545488063327,-7.7031839699159,5.88488569064437e-13,3.87610605520179e-11,"111586280","LOC111586280_ENSAOCG00000010280","cytochrome P450 2J4-like.4","cytochrome P450 2J6-like.4",3.95076009373838,-4.08326677293047,-1.80764298833608,-8.28202702156756
-2.8353172490807,-7.13699741072781,5.65666838031443e-07,7.39728740590237e-06,"111582738","LOC111582738_ENSAOCG00000021476","nuclear factor interleukin-3-regulated protein-like","nuclear factor interleukin-3-regulated protein-like.1",2.57742586860217,-4.53073531046463,-1.13989918769677,-5.35031795696581
-2.77321358686927,-6.83628994535172,4.20586876546726e-13,2.8666456161593e-11,"111571553","LOC111571553","bile salt-activated lipase-like.4",NA,3.38022996010894,-3.83581328180722,-1.71061389193132,-8.34965189503125
-2.76185301135517,-6.78266863126243,1.17157768839427e-11,5.30114291021762e-10,"111566619","ghrl","ghrelin/obestatin prepropeptide",NA,0.267697513628904,-3.91305780682831,-1.61064821588203,-7.6754298810607
-2.71108784586604,-6.54815215832151,4.91441701540891e-26,2.64616784194693e-22,"111578060","LOC111578060","cuticle collagen 36-like",NA,7.35061408409535,-3.31358493101696,-2.10859076071512,-14.3960510212192
-2.65497715929824,-6.2983640962653,9.52878238660236e-06,8.87293190845835e-05,"111580214","LOC111580214","uncharacterized LOC111580214",NA,2.02332632767871,-4.47445353349736,-0.835500785099131,-4.66841123820555
-2.61207335824503,-6.11381695089261,2.07201601362432e-21,1.14428412567797e-18,"111574536","si:dkey-243k1.3_ENSAOCG00000002456","endonuclease domain-containing 1 protein-like.2","endonuclease domain-containing 1 protein-like.1",4.57294514502015,-3.29825656379997,-1.9258901526901,-12.178674480632
-2.58920616992972,-6.0176749065958,4.33268806575297e-09,1.024340675743e-07,"111571213","LOC111571213_ENSAOCG00000012656","prelamin-A/C-like","prelamin-A/C-like",2.44808989487497,-3.87576054813888,-1.30265179172055,-6.4386263633935
-2.52556899062848,-5.75800479626499,4.49948687381966e-21,2.15355440640729e-18,"111576135","LOC111576135_gstr","glutathione S-transferase A-like.12","glutathione S-transferase A-like.12",5.0782395524815,-3.1977287344769,-1.85340924678006,-12.0210243039617
-2.48938666559411,-5.61539171825108,1.49975437328821e-21,8.73019180861664e-19,"111565500","LOC111565500_ATP4B","ATPase H+/K+ transporting subunit beta","ATPase H+/K+ transporting subunit beta",6.11632316321803,-3.13982417999126,-1.83894915119697,-12.2445129457229
-2.43340069809635,-5.4016520018783,0.000137994628037138,0.000862816699772364,"118470600","LOC118470600","uncharacterized LOC118470600",NA,-0.187156082427832,-4.39623298963943,-0.470568406553273,-3.96629645205304
-2.43271206810522,-5.39907429013095,2.93549806529714e-09,7.16022166821855e-08,"111581809","LOC111581809_pde6ha","retinal cone rhodopsin-sensitive cGMP 3',5'-cyclic phosphodiesterase subunit gamma-like.3","retinal cone rhodopsin-sensitive cGMP 3',5'-cyclic phosphodiesterase subunit gamma-like",7.42938620629274,-3.62600436897608,-1.23941976723435,-6.52226752445476
-2.38171700074708,-5.21156619565458,1.91597561411419e-05,0.000161828559908986,"111575813","LOC111575813","coagulation factor XIII B chain-like",NA,3.14125198331309,-4.07829559451829,-0.685138406975881,-4.49128806413017
-2.37627760624431,-5.19195401774466,4.22354852478793e-06,4.31531252973826e-05,"111582748","LOC111582748_ENSAOCG00000021418","DELTA-sagatoxin-Srs1a-like.1","DELTA-sagatoxin-Srs1a-like.2",4.21507335095804,-3.93732703082459,-0.815228181664031,-4.87007062216388
-2.37039390665541,-5.17082294696001,4.3259054127285e-07,5.83049754564121e-06,"111575821","LOC111575821","C4b-binding protein-like",NA,2.16397927163695,-3.77146347095787,-0.969324342352944,-5.41271998581112
-2.32788683571708,-5.02069412892917,2.3097674498745e-20,8.8835305956066e-18,"129349646","LOC129349646","potassium-transporting ATPase alpha chain 1",NA,7.35240292396262,-2.96499042690074,-1.69078324453341,-11.6897856719541
-2.3156514889422,-4.9782941924354,6.36090311669437e-18,1.42709511799337e-15,"118469385","LOC118469385","uncharacterized LOC118469385",NA,4.04541747784705,-3.01701401498094,-1.61428896290345,-10.5629537256398
-2.30686513700444,-4.94806734826238,2.13151222123875e-06,2.3873380250151e-05,"129347284","LOC129347284","DELTA-sagatoxin-Srs1a-like.2",NA,1.0393611253478,-3.77235528718451,-0.841374986824369,-5.03609645249813
-2.30431023968064,-4.93931247182493,8.46473901782502e-18,1.84155099965571e-15,"111562579","LOC111562579_ENSAOCG00000006373","calpain-1 catalytic subunit-like.1","calpain-13/14a",4.03474239152246,-3.00602298682181,-1.60259749253947,-10.505973986968
-2.29478065518602,-4.90679383200532,4.43580603712086e-16,6.6346104463548e-14,"111577062","LOC111577062","serum paraoxonase/arylesterase 2-like.4",NA,3.73742119775769,-3.05025029154972,-1.53931101882232,-9.71804494950627
-2.28029667429966,-4.85777838334311,7.50199144074289e-22,5.04930911408501e-19,"111571984","LOC111571984","V-set and immunoglobulin domain-containing protein 1-like",NA,4.57516385823089,-2.86930216955695,-1.69129117904237,-12.3858764769826
-2.27899335389058,-4.85339188266755,0.00145474487962784,0.00632592271702494,"111565584","LOC111565584_ENSAOCG00000017407","cytochrome P450 2F2-like.2","cytochrome P450 2F2-like.7",4.48878867749917,-4.50513520599043,-0.0528515017907312,-3.27525381675659
-2.24874290713893,-4.75268540105116,0.00900957765756033,0.0289970537340906,"129347250","LOC129347250","uncharacterized LOC129347250",NA,3.06920470185392,-4.9491958481973,0.451710033919438,-2.66414544205377
-2.2343701778657,-4.70557223844057,6.80643447630978e-05,0.000475192822530827,"111587629","calcoco1b","calcium binding and coiled-coil domain 1b",NA,4.08423241102377,-3.95321888343424,-0.515521472297154,-4.15883999719826
-2.1995992267004,-4.59351718716286,3.28691026326854e-13,2.30597632737061e-11,"111572871","si:ch211-215k15.4_ENSAOCG00000013725","fucolectin-3","Fucolectin-3-like",2.2556475488059,-3.03743462951378,-1.36176382388702,-8.39923220806303
-2.18644833845016,-4.55183524066829,5.07917093189133e-23,6.34488117789941e-20,"111572206","LOC111572206_gstr","glutathione S-transferase A-like.3","glutathione S-transferase A-like",2.87151371661978,-2.72707054475077,-1.64582613214954,-12.9389810559354
-2.18125941076162,-4.53549310407867,2.4274197637343e-08,4.63490841057707e-07,"111581740","LOC111581740_ENSAOCG00000015736","cytochrome P450 2F3-like","cytochrome P450 2G1-like",2.75953855836254,-3.33220214593084,-1.0303166755924,-6.06328998384385
-2.16577125575783,-4.48706242659562,4.61864873237391e-11,1.77954304826242e-09,"111581145","aadacl4","arylacetamide deacetylase-like 4","arylacetamide deacetylase like 4",0.577963657096409,-3.10289431445097,-1.2286481970647,-7.39385106965685
-2.16302411106993,-4.4785264014542,1.82149622071136e-12,1.02969516014911e-10,"111574512","LOC111574512","complement C1q and tumor necrosis factor-related protein 9-like",NA,1.84874176873709,-3.02225468739494,-1.30379353474491,-8.05390262546792
-2.1449192653182,-4.42267510895862,8.50555237149646e-08,1.37531972205173e-06,"111565507","LOC111565507_ENSAOCG00000005675","C-C motif chemokine 2-like","C-C motif chemokine 17-like",-0.807641072110779,-3.33131120694713,-0.958527323689276,-5.78412272643373
-2.10359882262578,-4.29780141425991,1.49063057173297e-21,8.73019180861664e-19,"111572797","LOC111572797_CPA1","carboxypeptidase A1-like.2","carboxypeptidase A1-like.2",7.20752660801748,-2.65318022968717,-1.5540174155644,-12.2457566483647
-2.08981389156806,-4.25693154794519,4.69621498806842e-21,2.19884953071777e-18,"111583297","LOC111583297_myh7","myosin-7","myosin-7",4.43159444818423,-2.64640320534557,-1.53322457779054,-12.0123363800374
-2.08712769549312,-4.24901281698742,2.34663953794557e-13,1.68473074560905e-11,"111575947","hrh2a","histamine receptor H2a","histamine H2 receptor-like.1",0.812084790766476,-2.87576567198828,-1.29848971899795,-8.46693200057108
-2.07248392285382,-4.20610225163251,9.89293792319268e-08,1.57949664188083e-06,"111569988","ccr7","chemokine (C-C motif) receptor 7","C-C motif chemokine receptor 7",-0.297035688561281,-3.22559571939944,-0.919372126308195,-5.75008801642706
-2.0697983629001,-4.19827992430405,1.83659677145871e-10,6.16146748655417e-09,"111573152","LOC111573152","serum amyloid P-component-like.3",NA,5.58503791807933,-3.00145151064675,-1.13814521515345,-7.10769070173608
-2.05850711291425,-4.16555034056446,3.79971332940265e-06,3.95544831748063e-05,"118470647","LOC118470647","putative hydro-lyase OCAR_7359/OCA5_c07590.1",NA,0.621302299238064,-3.40365746952466,-0.71335675630384,-4.895942156994
-2.0399155147058,-4.1122144852354,2.10333440532782e-08,4.12583027522318e-07,"111578914","LOC111578914_KCNE2","potassium voltage-gated channel subfamily E member 2-like","potassium voltage-gated channel subfamily E member 2-like",0.0541571379192041,-3.11070473070749,-0.969126298704095,-6.09484870791472
-2.02476387446994,-4.06925270035112,3.25305291670367e-10,1.02134480641346e-08,"111588782","LOC111588782","uncharacterized LOC111588782",NA,5.59003041447092,-2.95172648413441,-1.09780126480547,-6.98822539871463
-2.01283089244187,-4.03573345339653,6.58099490685388e-07,8.48243377042602e-06,"111576566","LOC111576566_ENSAOCG00000007765","sodium-coupled monocarboxylate transporter 1-like","sodium-coupled monocarboxylate transporter 1-like",0.713446115619203,-3.22444165004334,-0.801220134840405,-5.31494660543041
-1.98514095487151,-3.95901341216168,2.63742419376439e-05,0.000213115248851633,"111565455","LOC111565455_slc22a2","solute carrier family 22 member 2-like.1","solute carrier family 22 member 2-like",-0.896165045835217,-3.42565237517104,-0.544629534571979,-4.40889119176581
-1.98087903336004,-3.94733519474754,1.04319880340304e-14,1.04992597325676e-12,"111566926","LOC111566926_cyp3a65","cytochrome P450 3A30-like","cytochrome P450 3A30-like.1",4.19811936747623,-2.67810003050584,-1.28365803621424,-9.08954690152527
-1.98055482672341,-3.94644823773527,1.87444685943632e-10,6.27866818950848e-09,"111568891","LOC111568891_capn8","calpain-2 catalytic subunit-like.1","calpain-8.1",1.44969862672305,-2.87257158076851,-1.08853807267831,-7.10343801481805
-1.97589387645214,-3.9337189240956,4.00761647061128e-14,3.45264174176103e-12,"111582247","LOC111582247_SLC26A9","solute carrier family 26 member 9","solute carrier family 26 member 9",2.37234289515478,-2.69253905296347,-1.25924869994081,-8.8209258324478
-1.97135307667273,-3.9213572337769,0.000460058170644574,0.00238477325615952,"111572368","LOC111572368_ENSAOCG00000014217","protein-glutamine gamma-glutamyltransferase E-like","protein-glutamine gamma-glutamyltransferase E-like",2.35680325098645,-3.71178009112403,-0.230926062221422,-3.62379262372676
-1.96783506837776,-3.91180666309883,9.95177616733316e-05,0.000653479741134212,"111575255","LOC111575255_ENSAOCG00000012350","CD276 antigen-like","protein turtle-like",2.24459377895279,-3.52000680823201,-0.415663328523519,-4.05605337182808
-1.95398615471259,-3.87443557445981,5.30262146913313e-23,6.34488117789941e-20,"111571811","dhrs13b.1","dehydrogenase/reductase (SDR family) member 13b.1","dehydrogenase/reductase SDR family member 13-like.4",5.28767496613828,-2.43746191006079,-1.4705103993644,-12.930089138455
-1.94032507250718,-3.83792115214198,6.31851336968466e-13,4.13641765824523e-11,"111577747","LOC111577747_ENSAOCG00000006427","alpha-tectorin-like","alpha-tectorin-like (si:ch211-39f2.3)",7.08016877787211,-2.69115982962016,-1.18949031539419,-8.26770294907195
-1.91771502534362,-3.77824177652042,0.0149032479087413,0.043630033092085,"118471765","LOC118471765","uncharacterized LOC118471765",NA,2.48851916871982,-4.39368606124652,0.558256010559288,-2.47795404747605
-1.89511342624249,-3.7195121910235,2.63151259310029e-05,0.000212833339204634,"111565604","LOC111565604_ENSAOCG00000017366","cytochrome P450 2F5-like","cytochrome P450 2F5-like",3.99466698387521,-3.27011523086335,-0.520111621621637,-4.40947289781419
-1.88491441797221,-3.69331014578487,2.51869633705626e-07,3.61169651847655e-06,"111569489","cd4-2.2_ENSAOCG00000008453","CD4-2 molecule, tandem duplicate 2","T-cell surface glycoprotein CD4-like.1",-0.786040903009878,-2.97392329669585,-0.795905539248568,-5.53751547830542
-1.88478563828539,-3.69298048353248,9.98940297070772e-06,9.2300197847749e-05,"111569018","LOC111569018","uncharacterized LOC111569018",NA,-1.04422734147331,-3.17973055499313,-0.589840721577647,-4.65656217458246
-1.85177784263002,-3.60944705640578,3.06475917446072e-12,1.62583209604766e-10,"111562680","LOC111562680","trypsin II-P29-like",NA,5.55954861265905,-2.59712790229624,-1.10642778296379,-7.948466167601
-1.85129968620585,-3.60825096556623,8.71548472471586e-06,8.18639816837899e-05,"111566806","LOC111566806_ENSAOCG00000012760","rano class II histocompatibility antigen, A beta chain-like","rano class II histocompatibility antigen, A beta chain-like.1",0.712649466441509,-3.11396556382354,-0.588633808588154,-4.69075792117618
-1.83913224138004,-3.57794755657547,2.75442317737593e-16,4.36211517605314e-14,"111588202","pvalb7","parvalbumin 7","parvalbumin-7-like.1",6.47625888596523,-2.43875020381022,-1.23951427894987,-9.81280256791218
-1.83458309712262,-3.56668324626148,0.0133860639574263,0.0399818396221118,"118470147","cd74b","CD74 molecule, major histocompatibility complex, class II invariant chain b",NA,3.82424184739836,-4.16511895760302,0.49595276335779,-2.51846740977943
-1.80594538233621,-3.49658210525187,3.08083148256997e-05,0.000242614071194121,"111576124","LOC111576124_gstr","glutathione S-transferase A-like.6","glutathione S-transferase A-like.3",0.0599832949828272,-3.12854199471133,-0.483348769961103,-4.36849600642459
-1.79313056260917,-3.46566105063008,3.33196298515825e-21,1.66892601800787e-18,"111577909","LOC111577909","uncharacterized LOC111577909",NA,7.51531472111298,-2.26794741253112,-1.31831371268722,-12.0820471915655
-1.77365849387334,-3.41919924340552,3.73284521782552e-06,3.89903105245034e-05,"118471039","LOC118471039","macrophage mannose receptor 1-like.10",NA,-0.398850307550805,-2.9316462564176,-0.615670731329083,-4.90027858233799
-1.76857463295803,-3.40717165500042,0.00054879097555031,0.00277461503084568,"111584301","LOC111584301_ENSAOCG00000013744","cytochrome P450 2J6-like.4","cytochrome P450 2J6-like.5",3.65379132087516,-3.35267441394884,-0.184474851967226,-3.57186959536375
-1.76670456723697,-3.4027580353744,5.55204726991187e-09,1.28029972269124e-07,"111574106","LOC111574106_TRIM50","E3 ubiquitin-protein ligase TRIM50","tripartite motif containing 50",1.79499649404661,-2.65191830216585,-0.881490832308093,-6.38514148911916
-1.76626282353486,-3.40171629281204,0.000314083158244744,0.00173099361880125,"129350181","LOC129350181","ankyrin repeat and SOCS box protein 2-like.2",NA,-1.36127049631858,-3.2793811171565,-0.25314452991322,-3.73454058388612
-1.74929539001643,-3.36194329217851,4.81747330580427e-05,0.000355216501405041,"111583769","LOC111583769","uncharacterized LOC111583769",NA,1.11427784118332,-3.06580683845162,-0.432783941581242,-4.25102098499161
-1.7361389135413,-3.33142384265089,1.72497709427999e-08,3.44643382714309e-07,"111567240","agr1","anterior gradient 1",NA,-0.165319887621081,-2.64100274559308,-0.831275081489513,-6.13841122223056
-1.72454456666195,-3.30475785425773,0.0101234855855691,0.031937839833307,"111571519","LOC111571519","protein mono-ADP-ribosyltransferase PARP11.1",NA,0.838177122806076,-3.82892172390239,0.379832590578491,-2.62183635088208
-1.68453417317823,-3.21436591988022,2.34871446716013e-21,1.20444314746893e-18,"111576925","LOC111576925_ENSAOCG00000000810","vitelline membrane outer layer protein 1 homolog","vitelline membrane outer layer 1 homolog",5.57291569938554,-2.12798478809461,-1.24108355826185,-12.1531624065224
-1.68333790769922,-3.2117017108083,4.19062740265937e-10,1.27843814445436e-08,"111575974","LOC111575974","microfibril-associated glycoprotein 4-like",NA,6.99791944709133,-2.45989426446549,-0.906781550932953,-6.93510533433227
-1.68053919434591,-3.20547730493575,8.48993893006803e-08,1.37385976737747e-06,"111578479","lck","LCK proto-oncogene, Src family tyrosine kinase","LCK proto-oncogene, Src family tyrosine kinase",1.42350595142442,-2.61000807214847,-0.751070316543354,-5.78453603095808
-1.66063001026382,-3.16154556086624,2.97798472226956e-08,5.51503309959086e-07,"111582103","LOC111582103","uncharacterized LOC111582103",NA,1.01790823369234,-2.54343387709648,-0.777826143431154,-6.01815532737902
-1.63824604595341,-3.11287154892833,4.2160609439787e-15,4.60941728991946e-13,"111583117","mfsd4aa","major facilitator superfamily domain containing 4Aa","major facilitator superfamily domain-containing protein 4A-like",2.78729506233059,-2.20364121468125,-1.07285087722557,-9.27004351079658
-1.6205010872496,-3.07481814515108,0.000119373125889338,0.000763378380464538,"111580458","LOC111580458_ENSAOCG00000016538","interferon-inducible GTPase 5-like","interferon-inducible GTPase 5-like.1",-0.790382458978072,-2.91459374117909,-0.326408433320117,-4.00625595290431
-1.61891168535734,-3.07143251576792,0.0021249175568749,0.0087008506349756,"129350275","LOC129350275","signal-regulatory protein beta-2-like.3",NA,-0.94765286244045,-3.26054547261322,0.0227221018985433,-3.15501634275948
-1.61242901570474,-3.05766216648601,5.29605998335773e-14,4.43838676737583e-12,"111586941","LOC111586941_cryz","quinone oxidoreductase-like.1","quinone oxidoreductase-like",3.67698595416646,-2.2009658261867,-1.02389220522278,-8.76519759111693
-1.60257858112422,-3.03685616825675,8.68595639585947e-12,4.0936133228451e-10,"111571535","LOC111571535_ENSAOCG00000022697","protein sel-1 homolog 3.1","protein sel-1 homolog 3-like",1.34538969816433,-2.2652950393739,-0.939862122874534,-7.73653180170419
-1.60025226752376,-3.03196325128704,2.50319964699272e-15,3.09568858578495e-13,"111565848","LOC111565848","uncharacterized LOC111565848",NA,2.34671052999258,-2.14642045238363,-1.0540840826639,-9.37382389802188
-1.59434031748926,-3.01956413834843,0.000186311716724312,0.0011149713128114,"111576677","LOC111576677","uncharacterized LOC111576677",NA,4.08267848409334,-2.90804942976433,-0.280631205214182,-3.88272429880573
-1.58807023255487,-3.00646931199665,9.69750486098267e-05,0.00063970860550029,"111577512","LOC111577512_ENSAOCG00000014343","flavin-containing monooxygenase 5-like","dimethylaniline monooxygenase 5-like.2",-0.520522303156471,-2.83851968871552,-0.337620776394211,-4.06310738478394
-1.58580322859905,-3.00174875396662,7.16738716819254e-13,4.62189176133326e-11,"111570184","LOC111570184_ENSAOCG00000000468","high choriolytic enzyme 1-like.2","C6astacin pactacin3-like duplicate b",5.63040891574763,-2.20134257520365,-0.970263881994448,-8.24229616786424
-1.58112163844685,-2.99202377362743,3.64953477927025e-12,1.88382642539175e-10,"111567810","slc23a4","solute carrier family 23 member 4","solute carrier family 23 member 1-like",1.80977491963798,-2.220382032762,-0.941861244131709,-7.91301923157789
-1.57509715085057,-2.97955556227929,1.07193200029824e-20,4.35608894762708e-18,"111567499","LOC111567499_DHRS11","dehydrogenase/reductase SDR family member 11-like","dehydrogenase/reductase SDR family member 11-like",6.02378918933296,-2.00052516395611,-1.14966913774503,-11.8450254942055
-1.56733808391289,-2.96357400426858,0.000257256055464407,0.00146487528249956,"111578838","LOC111578838","mannose-binding protein C-like",NA,0.927296041765697,-2.88983205249539,-0.244844115330392,-3.79161055590806
-1.5645487950959,-2.95784980213614,8.29777170945456e-22,5.41567900237068e-19,"129347234","LOC129347234","phospholipase A2-like.1",NA,6.99710845102609,-1.96934823150584,-1.15974935868595,-12.3652798748463
-1.55729930662162,-2.94302399856002,0.000284978968920322,0.00159538275272273,"111576044","LOC111576044_ENSAOCG00000004625","elastase-1-like.2","proelastase1_typeA",5.14621259074894,-2.88151895287357,-0.233079660369675,-3.76241589696093
-1.5555278819708,-2.93941260058814,2.14851138928818e-08,4.18901569951934e-07,"111589119","LOC111589119","sodium- and chloride-dependent GABA transporter 2-like.9",NA,1.32597230145765,-2.37268000027996,-0.738375763661652,-6.09017295644143
-1.52829981628321,-2.88445711931919,2.20628339936906e-09,5.59704733281635e-08,"118469346","LOC118469346","cornifelin-like.1",NA,4.46811357836518,-2.27100190205309,-0.785597730513341,-6.58337592047164
-1.52693079742434,-2.88172126519342,1.60723833445588e-14,1.51827628278556e-12,"111563969","si:ch211-262h13.5","uncharacterized LOC111563969","alpha-2-HS-glycoprotein-like.1",5.97942538684082,-2.06951835507639,-0.984343239772285,-9.00335265510326
-1.52538688556166,-2.87863901722261,1.44878961719335e-05,0.00012767606700127,"111583795","LOC111583795_ENSAOCG00000004872","cytosolic sulfotransferase 2-like","cytosolic sulfotransferase 2-like",3.80652254447323,-2.59498075254023,-0.455793018583085,-4.56263619665004
-1.52508032266706,-2.87802739097428,8.16551473296512e-11,2.98588890184385e-09,"111577867","LOC111577867_TMEM233","transmembrane protein 233.1","transmembrane protein 233",2.95887392198493,-2.19565775002399,-0.854502895310134,-7.27609774499919
-1.51982686634586,-2.86756634704843,4.95931355252752e-07,6.56784249669086e-06,"118471387","LOC118471387","sialidase-like",NA,-0.156437829863319,-2.42345154354146,-0.616202189150269,-5.38097249421242
-1.51894560229735,-2.86581524138507,0.00141510774545086,0.00618614007055219,"111579886","LOC111579886","apolipoprotein L3-like",NA,0.911290034816958,-2.99875780545362,-0.0391333991410769,-3.28390325213592
-1.51484288827651,-2.85767705708051,2.03983147096877e-05,0.000171015532198231,"111572692","LOC111572692_ENSAOCG00000021388","CD209 antigen-like protein E.4","CD209 antigen-like protein E.3",0.379563328940011,-2.5977947548214,-0.431891021731627,-4.47520748627781
-1.51164849773187,-2.85135663755815,1.53256379046077e-08,3.10813172494764e-07,"111567574","LOC111567574_ENSAOCG00000016001","transforming growth factor beta activator LRRC32-like","leucine-rich repeat-containing protein 32-like.1",-0.558859125807064,-2.29619646061909,-0.727100534844663,-6.16433248307029
-1.51002361931257,-2.84814701970684,2.82605661138646e-05,0.000225937666280778,"111571571","LOC111571571_ENSAOCG00000021192","interferon-induced very large GTPase 1-like","interferon-induced very large GTPase 1-like",5.51871043362362,-2.61024195246296,-0.409805286162173,-4.39096120815357
-1.50840786489712,-2.84495900700213,5.33231102906237e-09,1.23511495638473e-07,"111562997","LOC111562997_ENSAOCG00000017806","liver carboxylesterase 1-like","carboxylesterase2-like.1",5.99749771860503,-2.26317021869937,-0.753645511094874,-6.39386254053664
-1.49496306540967,-2.81856935086439,8.01317328291294e-06,7.59294879750897e-05,"111584589","LOC111584589","H-2 class I histocompatibility antigen, Q9 alpha chain",NA,6.05992487154572,-2.51004996199331,-0.479876168826018,-4.71174717428664
-1.4832684803274,-2.79581418619772,6.84746344821399e-12,3.29197919079538e-10,"111584089","LOC111584089_ENSAOCG00000001299","mucin-2-like.6","mucin-2-like",4.39932223095195,-2.09282601008569,-0.873710950569099,-7.78502129596032
-1.46637800082738,-2.76327280712983,0.00159279698374583,0.00682835617753138,"111579840","LOC111579840_ENSAOCG00000014726","tripartite motif-containing protein 26-like","tripartite motif-containing protein 47-like.1",1.16751469657395,-2.91132081470485,-0.0214351869499223,-3.24675871087435
-1.45972503406736,-2.75055935209334,4.26883078273291e-18,1.03305704942136e-15,"111570226","LOC111570226_ENSAOCG00000017528","alpha-amylase-like.1","pancreatic alpha-amylase-like.1",7.46607809989138,-1.89853970022505,-1.02091036790968,-10.6425245154559
-1.45795227923753,-2.74718159542427,1.92725562685653e-11,8.35195808676779e-10,"111563572","prr15la","proline rich 15 like a",NA,2.13112175360128,-2.07383597429939,-0.842068584175672,-7.5735472593014
-1.45737683232974,-2.7460860472498,8.05693859661408e-08,1.31833918886557e-06,"118471428","LOC118471428","polycystic kidney disease protein 1-like 2.1",NA,0.915570522295692,-2.26178282437359,-0.652970840285883,-5.79630595815763
-1.43783050398553,-2.70913165208642,2.17021154233871e-10,7.09287043989245e-09,"111573535","LOC111573535","uncharacterized LOC111573535",NA,1.77096245237129,-2.08820961621981,-0.78745139175126,-7.0728727638814
-1.4352175987905,-2.70422950879468,5.68636925312035e-12,2.76462801295048e-10,"111587581","LOC111587581_si:ch211-107o10.3","retinol dehydrogenase 13-like.2","retinol dehydrogenase 11-like",2.81494638517425,-2.02217549165991,-0.848259705921092,-7.82285970035025
-1.4293123919752,-2.69318324012853,7.70867950190211e-06,7.3659955240447e-05,"111576678","LOC111576678_ENSAOCG00000004057","E3 ubiquitin-protein ligase TRIM39-like.3","E3 ubiquitin-protein ligase TRIM39-like.6",4.43298338614721,-2.39783636608541,-0.46078841786499,-4.72140788452432
-1.42839981883591,-2.69148021248657,5.9014511902488e-05,0.000421437187452184,"111562542","LOC111562542_ENSAOCG00000007317","ependymin-like","ependymin-like",7.2844792269668,-2.51723284655127,-0.339566791120546,-4.19704125213427
-1.42809223383683,-2.69090644556352,4.32469719969873e-17,7.69796101546375e-15,"111575988","LOC111575988","claudin-18",NA,4.08702970272019,-1.87685446752816,-0.979330000145494,-10.1810997780638
-1.42683779165832,-2.68856768420713,4.08619424639242e-10,1.25547006674465e-08,"111571846","LOC111571846_HNMT","histamine N-methyltransferase-like.1","histamine N-methyltransferase-like.1",5.95685335648797,-2.08456313390216,-0.769112449414486,-6.94040422331418
-1.4191355828124,-2.67425230214142,3.83364282646626e-14,3.31602406411366e-12,"129350996","LOC129350996","uncharacterized LOC129350996",NA,2.31033730285389,-1.93333077593196,-0.904940389692832,-8.82979487178739
-1.41342170881152,-2.66368172356641,7.8053882184105e-05,0.000533520950327278,"129349696","si:ch211-198c19.1","uncharacterized LOC129349696",NA,-0.595669296334693,-2.51046017557069,-0.316383242052361,-4.12196821611784
-1.40788558031503,-2.65347982620756,2.02016432956079e-10,6.66313925422362e-09,"111576545","LOC111576545_ENSAOCG00000008139","potassium voltage-gated channel subfamily V member 2-like","potassium voltage-gated channel subfamily V member 2-like.1",2.5912152313262,-2.04337620898293,-0.772394951647119,-7.08782437076894
-1.40616615387739,-2.65031925137504,0.00833778859837806,0.0272585444492815,"111573073","LOC111573073_ENSAOCG00000005766","protein-lysine methyltransferase METTL21C","protein-lysine methyltransferase METTL21C-like",0.819530159669401,-3.0773098954059,0.264977587651127,-2.69201559109908
-1.40130581325454,-2.64140553091798,8.33219776876765e-07,1.04275930007971e-05,"111587789","si:dkey-202l22.6","interferon-induced very large GTPase 1",NA,2.22372330472823,-2.25369381341856,-0.548917813090513,-5.25957114217133
-1.39574132007069,-2.63123721833807,7.93867826498441e-16,1.11028086020282e-13,"111587530","LOC111587530_NACC1","nucleus accumbens-associated protein 1","nucleus accumbens-associated protein 1-like.1",5.49297529756054,-1.86077530973014,-0.930707330411242,-9.60229349514257
-1.3942995104363,-2.62860890952144,2.94333990624238e-12,1.56527542964564e-10,"129347254","LOC129347254","UDP-glucuronosyltransferase 2A2-like.6",NA,4.66189677533669,-1.9549337541365,-0.833665266736105,-7.95666715852314
-1.39086253943101,-2.62235415755922,6.32179969444924e-05,0.000445984021680471,"111566177","LOC111566177","insulin-like",NA,2.58897716536622,-2.45574952460566,-0.325975554256361,-4.17864453335955
-1.38352526727453,-2.6090512206261,5.67925595938043e-09,1.30229738687501e-07,"111577047","LOC111577047","trypsin-3-like",NA,7.8847233096199,-2.0772773924746,-0.689773142074467,-6.380247203596
-1.38169326656265,-2.60574022970467,1.30895819342545e-07,2.03554812779765e-06,"111580654","LOC111580654_cryaba","alpha-crystallin B chain-like","alpha-crystallin B chain-like",-0.319725855530037,-2.15901340143677,-0.604373131688531,-5.68678044178176
-1.372339844841,-2.58890108513738,2.13552577331568e-05,0.00017806796014585,"111566593","peak3_ENSAOCG00000009915","PEAK family member 3","uncharacterized LOC111566593",-0.465097187055721,-2.35600878332851,-0.388670906353483,-4.46341688942581
-1.37095706548827,-2.58642089091007,0.00116302472678483,0.00525030948763187,"129349010","LOC129349010","uncharacterized LOC129349010",NA,-1.13517226817248,-2.6822394748496,-0.0596746561269361,-3.34489397454158
-1.36062621744184,-2.56796620685243,8.62398397543682e-10,2.46115003510127e-08,"111564618","LOC111564618","5-hydroxytryptamine receptor 3A-like",NA,1.8054959426807,-2.00238263884616,-0.718869796037511,-6.78302393253615
-1.35876062058941,-2.56464763064115,1.80874447813938e-05,0.000153796836044872,"111579462","LOC111579462","U1 spliceosomal RNA.17",NA,0.355663888432457,-2.32348286310768,-0.394038378071127,-4.50604368054142
-1.3529586225783,-2.55435425681717,2.51949332770656e-08,4.78948343266937e-07,"111573154","LOC111573154","serum amyloid P-component-like.4",NA,1.76961461076261,-2.06781589716893,-0.638101347987675,-6.05508035767503
-1.35153836684049,-2.55184086967174,2.76018140059305e-10,8.75042634787215e-09,"111565353","LOC111565353","leukocyte elastase inhibitor-like.1",NA,6.11945203461671,-1.96725926518008,-0.7358174685009,-7.02262085270442
-1.34897200842059,-2.54730552662739,2.93229458908065e-08,5.44446214307061e-07,"111567865","adgrf3b_ENSAOCG00000005462","adhesion G protein-coupled receptor F3b","adhesion G-protein coupled receptor F3-like",1.73860159297883,-2.06568890304599,-0.632255113795198,-6.02157407802132
-1.34161646373293,-2.53435120463077,1.71087218111821e-20,6.82384537720816e-18,"111586423","LOC111586423_ENSAOCG00000006753","mucin-2-like.7","mucin-5AC-like",5.96606189547505,-1.70689916942732,-0.976333758038545,-11.7504366489767
-1.32752674420891,-2.50972056902909,4.28071830489471e-22,3.68792443403289e-19,"111576300","LOC111576300_ENSAOCG00000019145","cytochrome P450 2F2-like.9","cytochrome P450 2F2-like.14",5.16938506724209,-1.66728171582584,-0.987771772591974,-12.5006384927333
-1.32718833181078,-2.50913193392068,0.000117697551223743,0.000754679922077101,"111577983","si:ch211-14a17.10","major antigen",NA,2.34376843949359,-2.38602223383595,-0.268354429785612,-4.01013925409426
-1.32403432943461,-2.50365249188854,8.06353108316825e-09,1.77216665784977e-07,"111574529","LOC111574529_ENSAOCG00000016405","T-cell surface glycoprotein CD3 epsilon chain","CD3e molecule",1.27787873349328,-1.99595009702746,-0.65211856184176,-6.30433307848066
-1.32073399241089,-2.49793163418748,2.5089390145354e-14,2.2609844558604e-12,"111564198","LOC111564198","transmembrane protease serine 9-like.1",NA,7.84798363842014,-1.79472958091472,-0.846738403907053,-8.91447544954134
-1.31605321364836,-2.4898403065573,5.83469517171855e-07,7.605683022217e-06,"111587070","cngb3.1_ENSAOCG00000010310","cyclic nucleotide gated channel subunit beta 3, tandem duplicate 1","cyclic nucleotide-gated cation channel beta-3-like.1",0.728876717141725,-2.10407106294925,-0.528035364347472,-5.34308560781257
-1.31330464661866,-2.48510127444007,2.42366535537127e-07,3.48703436365975e-06,"111577931","LOC111577931","complement C3-like.5",NA,2.65673202991815,-2.07085912963112,-0.555750163606197,-5.54633816794693
-1.31022336706962,-2.47979930819655,4.76676089043786e-07,6.36099727746287e-06,"111581934","serping1","serpin peptidase inhibitor, clade G (C1 inhibitor), member 1","serpin family G member 1",4.61599641595277,-2.0878956447903,-0.532551089348935,-5.39018238279879
-1.30613076813104,-2.4727746478391,1.40715027214623e-06,1.66706284716642e-05,"111578441","LOC111578441_ENSAOCG00000016807","B-type lectin plumieribetin-like","lectin-like",4.32663920582007,-2.1198180206209,-0.492443515641181,-5.13551361814364
-1.30531804108491,-2.47138202859835,2.22322034362554e-10,7.22228050693918e-09,"111569311","LOC111569311_ENSAOCG00000021909","retinol dehydrogenase 12-like.1","retinol dehydrogenase 12-like.3",5.6216230766014,-1.89617819069803,-0.714457891471795,-7.06783460102442
-1.30444900922651,-2.46989379793876,6.13813326058644e-14,5.04592038803476e-12,"111579982","myoz1a_MYOZ1","myozenin 1a","myozenin 1",7.46705685361772,-1.78218162514189,-0.826716393311142,-8.73568472951156
-1.3002031775273,-2.46263561999721,1.34906032838052e-21,8.3017318150456e-19,"111569211","LOC111569211","protein S100-A6-like",NA,9.19218446785225,-1.63932792172068,-0.961078433333912,-12.2660994417647
-1.29968827087942,-2.46175684717298,1.19027264506991e-09,3.25659105001907e-08,"111563810","LOC111563810_ENSAOCG00000015128","organic cation/carnitine transporter 2-like.1","solute carrier family 22 member 5-like.3",4.34864508035855,-1.91893404391782,-0.680442497841018,-6.71476605333263
-1.294704104421,-2.45326673989273,3.01817747207217e-08,5.57987179343266e-07,"111575402","pgr","progesterone receptor","progesterone receptor",0.0872652570974016,-1.9833181662193,-0.606090042622701,-6.01519035103229
-1.28617644012233,-2.43880843368227,3.50309256895136e-05,0.000271890478378646,"111589168","LOC111589168_ENSAOCG00000016188","protein NLRC3-like.5","protein NLRC3-like.1",-0.325147686498001,-2.23540841680337,-0.3369444634413,-4.33493837036279
-1.28614615950466,-2.43875724625272,3.10857147679873e-06,3.31662287362447e-05,"111584842","LOC111584842","uncharacterized LOC111584842",NA,1.0462211435874,-2.11827660289348,-0.454015716115835,-4.94485603074869
-1.28155987205395,-2.43101681455335,0.00116090039367543,0.00524291731578558,"111569253","LOC111569253_ENSAOCG00000001121","T-cell differentiation antigen CD6-like","deleted in malignant brain tumors 1 protein-like.1",-0.815450253178029,-2.50712938040246,-0.0559903637054364,-3.34545883502859
-1.28015779045017,-2.42865538117463,1.82772472660217e-05,0.000155165688457066,"118470754","zmp:0000000930","uncharacterized zmp:0000000930",NA,0.00995624370113913,-2.18961126046424,-0.370704320436098,-4.50337130746215
-1.27635400038675,-2.42226045561989,5.30563942487489e-06,5.31749008529341e-05,"111578451","LOC111578451_ENSAOCG00000016850","B-type lectin plumieribetin-like.1","lectin-like.1",4.33964988070182,-2.12459417267433,-0.42811382809916,-4.81401062647038
-1.27209711908312,-2.41512375836398,2.42282716183409e-14,2.20180807643809e-12,"111582743","LOC111582743","uncharacterized LOC111582743",NA,4.53636222867498,-1.7282807038849,-0.815913534281332,-8.92144808712625
-1.27036641699873,-2.41222823750802,5.62046671726961e-11,2.12374758169391e-09,"129348203","LOC129348203","threonine-rich protein-like",NA,7.27662214903402,-1.82307876012439,-0.717654073873071,-7.35333883582433
-1.26670734766973,-2.40611791873445,0.000285603105360925,0.00159774537227626,"111565568","LOC111565568_ENSAOCG00000018245","cytochrome P450 2F2-like","cytochrome P450 2F2-like.10",2.58044516214944,-2.34400683277865,-0.189407862560821,-3.76179023514132
-1.26461325943032,-2.40262794472554,1.42721669207141e-15,1.89749340208852e-13,"111570887","LOC111570887_ENSAOCG00000022621","chymotrypsin-like elastase family member 2A","proelastase2a",5.92042817907857,-1.69114052883734,-0.838085990023309,-9.4856187649006
-1.26447484899374,-2.4023974505312,8.06448374982139e-05,0.000548272888269107,"111580065","LOC111580065_DHRS11","dehydrogenase/reductase SDR family member 11-like.1","dehydrogenase/reductase SDR family member 11-like.1",6.95509252159062,-2.24801208547645,-0.28093761251103,-4.1131460041305
-1.26369397650724,-2.40109748178042,2.08414241271202e-06,2.34281102740039e-05,"111566100","LOC111566100","uncharacterized LOC111566100",NA,0.617937423992279,-2.06562425765323,-0.461763695361244,-5.04150311464026
-1.26301111058704,-2.39996124742982,7.94226203168515e-05,0.00054133050518492,"111575403","LOC111575403_FBXO40","F-box only protein 40","F-box protein 40",2.26557734238164,-2.24442504353636,-0.281597177637728,-4.11727323474068
-1.25746340563436,-2.39075021522788,0.000358318975414007,0.00193275083708161,"111586850","slc22a7a","solute carrier family 22 member 7a","solute carrier family 22 member 7-like.4",-0.804624453902543,-2.34577479126362,-0.169152020005107,-3.69655285090921
-1.25623320568886,-2.38871246843799,0.00254903744428149,0.0101163015431978,"111578154","si:ch211-244b2.3_ENSAOCG00000009597","uncharacterized LOC111578154","uncharacterized LOC111578154",1.78024679869004,-2.55431719879313,0.0418507874154113,-3.09615155872952
-1.25567930569756,-2.38779553601824,0.00352232332430172,0.0132838031446,"129349640","LOC129349640","uncharacterized LOC129349640",NA,-0.37836072141633,-2.59943015184121,0.0880715404460901,-2.98961128012056
-1.25036456881312,-2.37901533085841,1.66797978046618e-08,3.34496727296839e-07,"111570891","LOC111570891_ela2","chymotrypsin-like elastase family member 2A.3","proelastase2a.2",5.86860901683965,-1.90126475925963,-0.599464378366614,-6.14577982501081
-1.24680537894101,-2.37315343285625,4.95448012955242e-14,4.21777047550593e-12,"111576132","LOC111576132_gstr","glutathione S-transferase A-like.9","glutathione S-transferase A-like.11",5.5531561831878,-1.70119840355357,-0.792412354328454,-8.77852900972956
-1.24280253862837,-2.36657810828135,2.70242509190429e-08,5.08339140868424e-07,"111577063","LOC111577063_ENSAOCG00000005412","serum paraoxonase/arylesterase 2-like.5","serum paraoxonase/arylesterase 2-like.1",3.28108148395147,-1.90113894182406,-0.584466135432691,-6.03961143392752
-1.24170177273282,-2.36477311496462,1.09728783145271e-11,5.01770388828631e-10,"111575367","LOC111575367_ENSAOCG00000008675","parvalbumin, thymic-like","parvalbumin, thymic-like",2.68265280807577,-1.75837096950442,-0.725032575961221,-7.68881600540293
-1.23786611299878,-2.35849429808225,5.30246936617876e-12,2.61937122038436e-10,"111562605","apoea","apolipoprotein Ea","ApoEa",7.33443635427866,-1.74319472058863,-0.732537505408928,-7.8370844445151
-1.23737082288848,-2.35768474486788,1.13819548841235e-18,3.14287877300322e-16,"111573088","LOC111573088_cox5b2","cytochrome c oxidase subunit 5B, mitochondrial.1","cytochrome c oxidase subunit 5B, mitochondrial-like",6.52377558579392,-1.60033518972579,-0.874406456051181,-10.9066309279608
-1.23312647003724,-2.35075872084052,6.65962697339332e-07,8.57352335642231e-06,"111577817","LOC111577817","transmembrane protein 238-like.3",NA,0.274861204954761,-1.97578766637609,-0.490465273698393,-5.31216584038248
-1.2287156977603,-2.34358268771217,6.36937348947681e-08,1.07090996265692e-06,"111588521","hsd20b2_ENSAOCG00000016499","hydroxysteroid (20-beta) dehydrogenase 2","very-long-chain 3-oxoacyl-CoA reductase-like",1.38982406896119,-1.90079874009128,-0.556632655429327,-5.84902134745138
-1.22644324427203,-2.33989411157944,1.22894557759655e-06,1.47213736653362e-05,"111568417","LOC111568417_ENSAOCG00000005415","uncharacterized LOC111568417","uncharacterized LOC111568417",-0.0646707564308372,-1.98572602417724,-0.467160464366827,-5.16771604609173
-1.2217211752677,-2.33224795043886,1.52413623322927e-05,0.000133334062515402,"111584575","psmb13a","proteasome 20S subunit beta 13a","proteasome subunit beta type-7-like",4.04611440986689,-2.08081392519268,-0.362628425342725,-4.5497421531822
-1.22109804078365,-2.33124081430206,6.04268029706771e-21,2.71140100496342e-18,"111572896","LOC111572896_malb","myelin and lymphocyte protein-like.2","myelin and lymphocyte protein-like.1",5.58662053716289,-1.54770931146778,-0.894486770099524,-11.9611821617144
-1.22087348444783,-2.33087798352958,0.000866860236429041,0.0040729571928902,"111570770","LOC111570770","uncharacterized LOC111570770",NA,2.51570657619364,-2.3580073397441,-0.0837396291515635,-3.43489771571114
-1.21929583048396,-2.32833045348397,2.58158248958724e-10,8.22516622200148e-09,"129349741","LOC129349741","mucin-2-like.18",NA,2.75031906544873,-1.77366658906738,-0.664925071900545,-7.03661049207234
-1.21663628250053,-2.32404222744623,5.67283734200634e-08,9.68158246213412e-07,"118471478","LOC118471478","uncharacterized LOC118471478",NA,2.47220456811319,-1.87917843929909,-0.554094125701969,-5.8749203639682
-1.21476199253413,-2.32102488794746,2.22933896299285e-13,1.61668358871852e-11,"111568474","LOC111568474","uncharacterized LOC111568474",NA,6.26089811937829,-1.67321208689763,-0.756311898170629,-8.47722804295004
-1.21287914197621,-2.31799771144718,2.80647055725976e-05,0.000224862785920486,"111579900","hsf4","heat shock transcription factor 4","heat shock transcription factor 4",3.23961783485485,-2.09623149398684,-0.329526789965582,-4.39276828411807
-1.21054523369209,-2.31425082088491,2.43354116059866e-12,1.33708187543301e-10,"111584299","LOC111584299_ENSAOCG00000013953","nucleus accumbens-associated protein 2-like","nucleus accumbens-associated protein 2-like",4.11607262526207,-1.6949458698278,-0.726144597556375,-7.99523171081642
-1.20478945849534,-2.3050362806992,0.000932537254129882,0.00433426572711467,"111586759","il7r_ENSAOCG00000018950","interleukin 7 receptor","interleukin 7 receptor",-0.357850359047471,-2.3342478033803,-0.0753311136103902,-3.41268086807946
-1.20235389148038,-2.30114818655218,1.65451437778649e-07,2.51032843847291e-06,"111581113","LOC111581113","high-affinity choline transporter 1-like.4",NA,1.61241361112858,-1.88517022142742,-0.519537561533337,-5.63356295203439
-1.19965036250875,-2.29684000280887,2.52604225320537e-11,1.04425907964563e-09,"111584020","gstt1a","glutathione S-transferase theta 1a","glutathione S-transferase theta-3-like",5.68958768886712,-1.71016146788386,-0.689139257133641,-7.51803309142375
-1.19832933138303,-2.29473782021842,1.53664055437604e-07,2.34891158695182e-06,"111587970","irf1a_ENSAOCG00000017535","interferon regulatory factor 1a","interferon regulatory factor 1-like",0.828271823373261,-1.87683506859993,-0.519823594166129,-5.65037670399065
-1.1974745185726,-2.29337856533912,1.55420491821777e-06,1.82025369921557e-05,"111575571","gna14a_GNA14","guanine nucleotide binding protein (G protein), alpha 14a","guanine nucleotide-binding protein subunit alpha-14-like.1",1.00475056713005,-1.94693096318693,-0.448018073958278,-5.11180901497427
-1.19572095477739,-2.29059270802146,0.0167186092357732,0.0477947180408923,"111567566","LOC111567566_ENSAOCG00000010547","uncharacterized LOC111567566","E3 ubiquitin-protein ligase dbl4-like",1.30152291627437,-2.7673562235698,0.375914314015009,-2.43406858587083
-1.19455892563652,-2.288748476405,8.82683850510795e-17,1.48525349783606e-14,"111584636","mybpc2b","myosin binding protein Cb","myosin-binding protein C, fast-type-like",9.46149429622489,-1.5752440143374,-0.813873836935633,-10.0391385735215
-1.19346860784731,-2.28701940659356,3.44476681155866e-06,3.63514882838562e-05,"111588856","LOC111588856","uncharacterized LOC111588856",NA,6.07598381528403,-1.96955886652311,-0.41737834917152,-4.91986861552706
-1.19201982962575,-2.28472389666666,5.58046033555812e-06,5.56186740894265e-05,"111587637","LOC111587637","complement factor H-like",NA,2.79649153410459,-1.98626893496015,-0.397770724291353,-4.80155030347332
-1.19105150466732,-2.28319092343362,1.8506232335062e-06,2.11227997897491e-05,"111573151","LOC111573151_ENSAOCG00000004128","serum amyloid P-component-like.2","serum amyloid P-component-like.1",6.64309164466958,-1.94262907542727,-0.439473933907372,-5.0700409652867
-1.1903722250052,-2.28211615707415,0.00127181944576438,0.00565959653365149,"111581240","si:ch211-167j9.5","tyrosine kinase receptor Cad96Ca",NA,-0.572130069889859,-2.33844034497268,-0.0423041050377064,-3.31718631310203
-1.18964327541865,-2.28096336498506,9.363069511072e-10,2.63610184482966e-08,"111572651","prtfdc1a_ENSAOCG00000009811","phosphoribosyl transferase domain containing 1a","hypoxanthine-guanine phosphoribosyltransferase-like.1",1.21931022425085,-1.75219625536728,-0.627090295470018,-6.76562717209015
-1.18920774674448,-2.28027487920889,6.42893185750604e-22,4.94522622667733e-19,"111580190","acer1","alkaline ceramidase 1","alkaline ceramidase 1",3.96514987270395,-1.49560218146567,-0.882813312023287,-12.4174263941487
-1.1875453226382,-2.27764882131683,0.0112600386464576,0.0348296298100536,"111587848","LOC111587848_ENSAOCG00000001827","perforin-1-like.3","perforin-1-like.1",0.877273288483823,-2.65854921743729,0.283458572160897,-2.5828019650509
-1.18735823215441,-2.27735347214137,3.40890020500056e-15,3.99026590300554e-13,"129347215","LOC129347215","alcohol dehydrogenase 1-like.5",NA,8.14369829155005,-1.5952801373525,-0.779436326956323,-9.31235401533625
-1.18226763844346,-2.26933192101731,5.51342327946457e-10,1.64243583116332e-08,"111571556","LOC111571556_CEL","bile salt-activated lipase-like.5","bile salt-activated lipase-like",5.50904820583853,-1.73224511290067,-0.632290163986239,-6.87742142105825
-1.17641900643907,-2.26015075648875,2.00698899781233e-21,1.13754023776005e-18,"111580732","LOC111580732_ENSAOCG00000004678","myosin heavy chain, fast skeletal muscle-like.5","myosin heavy chain, fast skeletal muscle-like.4",8.47064005886769,-1.48529582226101,-0.867542190617125,-12.1851662300957
-1.17526857795706,-2.25834919392143,2.10026236576187e-06,2.35651749853778e-05,"111579477","LOC111579477_ENSAOCG00000011910","OX-2 membrane glycoprotein-like.3","OX-2 membrane glycoprotein-like.1",2.23944783661607,-1.92135905185832,-0.429178104055805,-5.0396498990902
-1.17392802022863,-2.2562517018962,1.59259985631167e-06,1.86117285432668e-05,"118470641","LOC118470641","uncharacterized LOC118470641",NA,1.36405496120408,-1.90948625060757,-0.438369789849696,-5.10598044085733
-1.17262670835408,-2.25421747895216,0.00230316850010844,0.00931561373809119,"111584576","psmb12","proteasome 20S subunit beta 12","proteasome subunit beta type-6-B like protein",2.80735643801811,-2.37157802435638,0.02632460764821,-3.1290533672773
-1.17131170687687,-2.25216371937219,2.75685015080062e-09,6.77047189828322e-08,"111570233","LOC111570233_ENSAOCG00000017564","alpha-amylase-like.2","pancreatic alpha-amylase-like.2",4.89964035749771,-1.74468006340894,-0.597943350344804,-6.53572093373495
-1.17001058218236,-2.25013347406833,2.10272743813969e-07,3.08505065140685e-06,"111562578","LOC111562578","calpain-1 catalytic subunit-like",NA,1.78451146344783,-1.84097362295977,-0.499047541404962,-5.57886598365783
-1.1697946995444,-2.2497967927922,7.23231502955649e-07,9.20624120015294e-06,"111581025","LOC111581025","protein NLRC3-like.3",NA,4.3147068942965,-1.87688728370479,-0.462702115384007,-5.29283193652586
-1.16724351281903,-2.24582188493602,0.00168409466303968,0.00715707001826138,"111575609","LOC111575609_ENSAOCG00000020976","Fc receptor-like protein 5","low affinity immunoglobulin gamma Fc region receptor II-like",-0.224142492724996,-2.32369419178291,-0.0107928338551622,-3.2291564803075
-1.16160583294922,-2.23706291767918,6.16572250582543e-15,6.50967310443471e-13,"111587862","pheta2","PH domain containing endocytic trafficking adaptor 2","sesquipedalian-1-like",2.15014433347741,-1.56580266773914,-0.757408998159303,-9.19434113419995
-1.15623736305042,-2.22875396285754,0.00076250191739028,0.00364846655365347,"111574889","LOC111574889","uncharacterized LOC111574889",NA,-0.749206420316245,-2.22114185990775,-0.0913328661930974,-3.47369013713058
-1.15406955982317,-2.22540753704205,6.23987840390584e-08,1.05407451814372e-06,"111580425","LOC111580425","UDP-glucuronosyltransferase 2A2-like.5",NA,3.40647961511295,-1.78482689956914,-0.523312220077207,-5.8536184453968
-1.14950041532571,-2.21837062107163,6.35720579057449e-08,1.06969920560464e-06,"111581876","ada2b_ADA2","adenosine deaminase 2b","adenosine deaminase 2-A-like",1.45692889445452,-1.77820826595898,-0.520792564692444,-5.8494493722465
-1.1469540181278,-2.21445858816555,4.14312054602419e-06,4.24724085293998e-05,"111572825","si:ch211-184m13.4","uncharacterized LOC111572825","G-protein coupled receptor 183-like",-0.807043921248192,-1.89969530222188,-0.394212734033721,-4.87477986857591
-1.14531821617244,-2.21194914388163,8.1292296348361e-11,2.97767598427041e-09,"111563999","LOC111563999_ENSAOCG00000019397","four and a half LIM domains protein 2-like","four and a half LIM domains protein 2-like.1",4.04018978802151,-1.64885051649334,-0.641785915851533,-7.27702003858059
-1.13933108499125,-2.20278865754722,6.84186215517184e-18,1.51917553709372e-15,"111579034","gpnmb","glycoprotein (transmembrane) nmb",NA,4.97117243165278,-1.48488626983498,-0.793775900147525,-10.5484165212415
-1.13705600583507,-2.19931767511456,5.85375437814883e-12,2.83959823866148e-10,"111573980","fam83d","family with sequence similarity 83 member D","protein FAM83D-like",3.72646208990918,-1.60242669276695,-0.671685318903192,-7.81695423894875
-1.13299083781992,-2.19312924913947,0.000419895317881127,0.00220416898769771,"111575612","coro2ab_CORO2A","coronin 2Ab","coronin-2B-like",-0.873719330107462,-2.12594527935204,-0.1400363962878,-3.65049545789761
-1.12278369544803,-2.17766750656668,8.380468707892e-05,0.00056618110109968,"111583543","rhoh","ras homolog family member H",NA,0.327297857368571,-1.99832377373147,-0.247243617164595,-4.10274763476305
-1.12216147023836,-2.17672849490925,3.16682348925933e-09,7.68963295509217e-08,"111562577","LOC111562577_ENSAOCG00000006458","calpain-2 catalytic subunit-like","calpain-13/14a.2",7.45425588246774,-1.67397953383324,-0.570343406643489,-6.50600177504943
-1.12029485523598,-2.1739139800081,4.47678356765398e-08,7.87109914123522e-07,"111586956","LOC111586956_ENSAOCG00000004098","coagulation factor XIII B chain-like.1","coagulation factor XIII B chain-like",4.88353731420737,-1.72493840415172,-0.51565130632023,-5.92771964481759
-1.11961754701869,-2.17289362283944,2.01194004215517e-24,3.93937860253982e-21,"111587560","LOC111587560_ENSAOCG00000007212","uncharacterized LOC111587560","bryoporin-like.1",6.7296716708182,-1.38279245750186,-0.856442636535508,-13.6106839569364
-1.11562327714323,-2.16688603302259,0.00233336633994086,0.00941300697314968,"111562701","LOC111562701_ENSAOCG00000021990","tapasin-like","tapasin-related protein-like.2",1.97912533068053,-2.25782907948596,0.0265825251994987,-3.12484113088677
-1.11558016645984,-2.16682128299618,2.1852754104647e-06,2.43741386797456e-05,"118471104","LOC118471104","uncharacterized LOC118471104",NA,1.32966398468462,-1.82512343771994,-0.406036895199736,-5.03010019504925
-1.11427286145491,-2.16485869687457,5.18841519890192e-13,3.48124880230372e-11,"111566472","LOC111566472","ICOS ligand-like",NA,2.86480129149714,-1.54339550474078,-0.685150218169046,-8.30739497026877
-1.11289740786609,-2.16279572196234,0.000475276267782017,0.00245009580073937,"111578149","si:ch211-244b2.4","uncharacterized LOC111578149","uncharacterized LOC111578149",3.90617014022191,-2.09802360224301,-0.127771213489162,-3.61424843074432
-1.11136558802432,-2.16050053476822,1.30077875212505e-09,3.52404688846156e-08,"111571687","LOC111571687","TLR adapter interacting with SLC15A4 on the lysosome",NA,0.912534938564223,-1.64237415351875,-0.580357022529883,-6.69591845502922
-1.11121588675507,-2.16027636203362,0.00193853688710991,0.00804939415357109,"111568222","si:ch211-149e23.4","uncharacterized si:ch211-149e23.4",NA,-0.2659940585533,-2.227620611541,0.0051888380308629,-3.18442858179049
-1.10909275288834,-2.15709954188699,0.00355910915950586,0.0134037581880464,"111566322","cd40lg_ENSAOCG00000020735","CD40 ligand","tumor necrosis factor ligand superfamily member 6-like.1",-1.26404705054966,-2.29735310106589,0.0791675952892041,-2.9861457392678
-1.10734731980588,-2.1544913702759,0.0154040176420576,0.0447735130869954,"111574967","LOC111574967_ENSAOCG00000024644","olfactomedin-like","olfactomedin-like.1",-0.638660317470231,-2.54433414191153,0.329639502299777,-2.465391025326
-1.10650946232978,-2.15324049426122,0.00114919817606287,0.00520425364088352,"111572531","si:dkey-24p1.1_ENSAOCG00000009727","uncharacterized LOC111572531","hemicentin-1-like.2",-0.885356310605089,-2.16368756627567,-0.0493313583838793,-3.34858794890479
-1.10372863661794,-2.14909407435056,3.06060943311764e-05,0.000241286259042781,"111578624","LOC111578624_ANKRD66","ankyrin repeat domain-containing protein 66","ankyrin repeat domain 66",-0.162866066665481,-1.91173448765145,-0.295722785584424,-4.37021237307562
-1.10111163141407,-2.14519921629378,5.51609326281873e-08,9.43650648884748e-07,"111579861","LOC111579861","ependymin-1-like.3",NA,5.95236894740724,-1.70010455896061,-0.502118703867526,-5.88117893443826
-1.09798212242473,-2.1405508714301,5.64756959286374e-14,4.69642293015827e-12,"111568623","myl13","myosin, light chain 13","myosin light chain 3-like",5.88616773854075,-1.49933421881294,-0.696630026036512,-8.75234584829241
-1.09409875216954,-2.13479679746684,0.00237054130090609,0.00953440122108599,"111564430","lyz_ENSAOCG00000003637","lysozyme","lysozyme",3.72517075983595,-2.21610425424274,0.0279067499036649,-3.1197247144901
-1.09386456397613,-2.13445029067496,1.98393170643433e-05,0.000166848579044055,"111576986","LOC111576986_lrrc30a","leucine-rich repeat-containing protein 30-like.1","leucine-rich repeat-containing protein 30-like",1.04745070323061,-1.8746164232362,-0.313112704716061,-4.48234482596767
-1.09367186140663,-2.13416520853689,0.000529304344494503,0.00269189066628633,"111570413","LOC111570413_XCR1","chemokine XC receptor 1-like.2","chemokine XC receptor 1-like",0.208196162590417,-2.07034458511096,-0.116999137702311,-3.58255376523891
-1.0894767890432,-2.12796849121689,1.07023054573216e-12,6.49313394196602e-11,"111588347","ognb","osteoglycin, paralog b","mimecan-like",3.68018623428882,-1.51655528141577,-0.662398296670627,-8.16140666884099
-1.08932645627234,-2.12774676262998,0.0161788156489723,0.0465667955963604,"111571419","cdkn2c","cyclin-dependent kinase inhibitor 2C (p18, inhibits CDK4)",NA,-1.01473076886376,-2.51375329051143,0.335100377966752,-2.44665448067693
-1.08673780175911,-2.12393233026286,4.19598996122768e-09,9.93112437196943e-08,"111571551","LOC111571551_ENSAOCG00000021737","glutamine synthetase-like","glutamine synthetase-like.1",6.77947103098224,-1.62615023158806,-0.547325371930157,-6.44552892388277
-1.08166018801717,-2.1164702182379,2.42201691252691e-09,6.07833006437503e-08,"111579490","LOC111579490_cbr1","carbonyl reductase [NADPH] 1-like.2","carbonyl reductase 1-like.2",1.8529892786026,-1.6089075416833,-0.554412834351043,-6.56343477726641
-1.08106900792412,-2.11560311971611,1.55013208253241e-13,1.16330121231997e-11,"111573399","thrb","thyroid hormone receptor beta","thyroid hormone receptor beta",6.17787442690728,-1.48558434070409,-0.676553675144158,-8.55013883411816
-1.07959464191066,-2.11344217788959,1.89940027686361e-06,2.16222426866218e-05,"111579859","LOC111579859","ependymin-1-like.2",NA,5.51905111584937,-1.76168021370808,-0.397509070113239,-5.0638005873565
-1.07888491457306,-2.11240273520981,0.000815032504084638,0.00385805935669779,"111566098","ccnp","cyclin P","cyclin N-terminal domain-containing protein 2-like",-0.751696057761555,-2.07833379163556,-0.0794360375105558,-3.45357803569156
-1.0777567672614,-2.1107515408252,2.30590722133907e-10,7.45715161159172e-09,"111568594","LOC111568594","otolin-1-like",NA,3.10105356211408,-1.56613686508664,-0.589376669436161,-7.06020868823337
-1.0770717124612,-2.10974950146069,5.45110081742396e-11,2.07430758667274e-09,"111579309","LOC111579309_ENSAOCG00000016715","nucleoside diphosphate kinase B-like","nucleoside diphosphate kinase B-like",10.4201117569494,-1.54528290614699,-0.608860518775416,-7.35965684210092
-1.07228421683756,-2.10276002971976,1.19862611598423e-07,1.88231959538978e-06,"111563280","LOC111563280_STAT4","signal transducer and activator of transcription 4","signal transducer and activator of transcription 4",5.36956366933078,-1.67342718168666,-0.471141251988461,-5.70672417223692
-1.07055929563777,-2.10024742116917,1.4787784703436e-08,3.01895077670716e-07,"111572205","LOC111572205_ENSAOCG00000019263","glutathione S-transferase A-like.1","glutathione S-transferase A-like.6",2.54498039431061,-1.62547718622477,-0.515641405050768,-6.17215377100729
-1.06864230254814,-2.09745855313643,1.20373489706476e-13,9.22634954198608e-12,"129348778","cntf","ciliary neurotrophic factor",NA,5.41944152877053,-1.46615063121197,-0.67113397388431,-8.60083996155759
-1.06747879482181,-2.09576767228191,7.09075983236653e-22,4.95313201946379e-19,"111587559","LOC111587559_ENSAOCG00000007220","DELTA-stichotoxin-Hcr4a-like","DELTA-stichotoxin-Hcr4a-like",6.81587377860739,-1.34295461217296,-0.792002977470659,-12.3973971390809
-1.06481624224632,-2.09190341443237,0.00786772686236385,0.0260060007921413,"111585756","LOC111585756_ENSAOCG00000006936","olfactomedin-4-like.2","olfactomedin-4-like.2",0.0326193889726594,-2.32061077598145,0.190978291488816,-2.71275652061758
-1.06468130897153,-2.09170777074426,1.49481194714784e-11,6.61093628699595e-10,"111570453","dlx4b","distal-less homeobox 4b","homeobox protein Dlx4b-like",2.46788410361615,-1.51136544082436,-0.6179971771187,-7.6255968709214
-1.06430943471827,-2.09116867412241,0.00125194218206218,0.00558498979230641,"111587166","LOC111587166","uncharacterized LOC111587166",NA,3.34766384614615,-2.08928326570401,-0.0393356037325323,-3.32207835804015
-1.05871749841084,-2.08307891960382,9.99067133987796e-13,6.11304202608783e-11,"111568282","LOC111568282_ENSAOCG00000010198","E3 ubiquitin-protein ligase TRIM21-like","E3 ubiquitin-protein ligase TRIM39-like.7",1.75595584329119,-1.47303301605522,-0.644401980766457,-8.1752986910202
-1.05779485361566,-2.0817471568742,0.00194257048783268,0.00806303395007522,"118471205","LOC118471205","uncharacterized LOC118471205",NA,-0.332843203474771,-2.12075071364084,0.00516100640951467,-3.18376465138304
-1.05582269782951,-2.07890336470401,4.17648158167302e-09,9.90672470331206e-08,"111580317","LOC111580317","UDP-glucuronosyltransferase 2A1-like.5",NA,4.82207015259256,-1.57980857792219,-0.53183681773683,-6.44653206656439
-1.05523576669751,-2.07805777717309,0.000247910955418487,0.00142136673205983,"111577731","myl4_zgc:163073","myosin, light chain 4, alkali; atrial, embryonic","myosin light chain 4-like",1.04755750565124,-1.94316270906469,-0.167308824330338,-3.80213038886095
-1.05462577395874,-2.07717932942311,1.39484854130647e-05,0.000123594269501078,"111572260","nod2","nucleotide-binding oligomerization domain containing 2","nucleotide binding oligomerization domain containing 2",1.08104059239213,-1.79256575633653,-0.316685791580948,-4.57227219353151
-1.05293001437559,-2.07473922438845,0.000199041962271031,0.0011826112505913,"129348157","LOC129348157","uncharacterized LOC129348157",NA,-0.238271187488354,-1.9246918271045,-0.181168201646672,-3.86417157984764
-1.05188828713736,-2.07324165755758,5.38502227424511e-17,9.50677129038453e-15,"111566298","krt15","keratin 15","keratin, type I cytoskeletal 13-like.1",11.1291225058993,-1.38385547753929,-0.719921096735439,-10.1374609366388
-1.05082940317256,-2.07172053435471,3.29239887026849e-06,3.48631695515451e-05,"111567279","LOC111567279_ENSAOCG00000003567","complement C1q subcomponent subunit C-like","complement C1q subcomponent subunit A-like",2.62657837939294,-1.73263740654574,-0.369021399799373,-4.93088482773413
-1.05016443335137,-2.07076585290597,1.22068800454082e-12,7.18338203327874e-11,"111579923","fer1l4","fer-1 like family member 4",NA,3.37123700812033,-1.46317688312274,-0.637151983579997,-8.13483783428738
-1.04892980722394,-2.06899449588625,4.38036630741926e-11,1.70604574193844e-09,"111574063","LOC111574063","integumentary mucin A.1-like",NA,2.62234128107969,-1.50212933342105,-0.59573028102683,-7.40477244824564
-1.04731149480718,-2.06667494659866,1.91566910841516e-06,2.17614352621549e-05,"111563942","ehf","ets homologous factor","ETS homologous factor",3.64494876616785,-1.70926819103586,-0.385354798578493,-5.06175391841066
-1.04290624026595,-2.06037400063457,0.000233877321419626,0.00135409939482148,"111566004","txk","TXK tyrosine kinase",NA,-0.431139175436215,-1.91665995274156,-0.169152527790334,-3.81865980067526
-1.04114006159102,-2.05785318926185,7.73643432143271e-08,1.27390919277536e-06,"111586901","LOC111586901","NACHT, LRR and PYD domains-containing protein 1-like",NA,2.75221104633982,-1.6148994916873,-0.467380631494746,-5.80542553261953
-1.0404997550435,-2.05694006176699,5.31895020144256e-12,2.62149998715492e-10,"111580756","LOC111580756","uncharacterized LOC111580756",NA,3.45943845414817,-1.46529259238396,-0.615706917703042,-7.83645302082951
-1.03712426957438,-2.05213304786154,0.0015995427685407,0.00685318324026845,"111566102","LOC111566102","uncharacterized LOC111566102",NA,-0.213344542600085,-2.05950766264423,-0.0147408765045298,-3.24542627640464
-1.03422846445463,-2.04801809828527,0.00985518116063896,0.0311964861607645,"111577081","LOC111577081_ENSAOCG00000006367","myelin-associated glycoprotein-like.2","myelin-associated glycoprotein-like",-0.640214270826923,-2.29155152155264,0.223094592643367,-2.63162706299565
-1.03369773974695,-2.04726483174251,5.60288666024862e-11,2.1208255340674e-09,"111577471","LOC111577471_NACC2","nucleus accumbens-associated protein 2","nucleus accumbens-associated protein 2-like.1",5.87498724146771,-1.48340046334253,-0.583995016151362,-7.35398578617101
-1.03124822612348,-2.04379178434716,1.49977451210061e-17,3.04737202279462e-15,"111572808","klf5b_KLF5","Kruppel-like factor 5b","Krueppel-like factor 5",4.25674639712652,-1.34873074239359,-0.713765709853381,-10.3919760724981
-1.02848178431818,-2.03987646379126,3.39519053815738e-11,1.35417803353396e-09,"111572731","mybpc2a","myosin binding protein Ca","myosin binding protein C, fast type",5.66461349204579,-1.46971981438899,-0.587243754247381,-7.45724487841696
-1.02811408853341,-2.03935663223854,0.000871870602992521,0.00409203509419327,"111573883","LOC111573883","uncharacterized LOC111573883",NA,-0.688480048764944,-1.98619795631899,-0.0700302207478193,-3.43314795499678
-1.02611879970209,-2.03653809273589,1.20535923889851e-09,3.28205149018914e-08,"111564035","rad23ab","RAD23 homolog A, nucleotide excision repair protein b","UV excision repair protein RAD23 homolog A-like",3.17251630031735,-1.5152151260081,-0.537022473396084,-6.71209324347479
-1.02529667526366,-2.03537789551482,3.6944648113818e-09,8.86095580262151e-08,"111588842","c4b","complement 4B (Chido blood group)","complement C4-like",5.45227338327201,-1.53205948572268,-0.518533864804643,-6.47290972852735
-1.02521467062032,-2.03526220530307,1.46524458464085e-17,3.00556551085664e-15,"111584452","LOC111584452_cd59","CD59 molecule (CD59 blood group).1","CD59 glycoprotein-like",5.09793894303177,-1.34069879866025,-0.709730542580385,-10.3966167456246
-1.02348029403214,-2.03281692748722,3.31654556811703e-09,7.99907709362873e-08,"111566873","LOC111566873_uba52","ubiquitin-60S ribosomal protein L40-like","ubiquitin-60S ribosomal protein L40-like",1.66749475989387,-1.52754035204176,-0.519420236022514,-6.49608856807997
-1.02273258221474,-2.03176364360823,2.45368698898614e-10,7.89947838098407e-09,"111574995","gask1b","golgi associated kinase 1B","golgi associated kinase 1B",2.23979634662802,-1.48703218752019,-0.5584329769093,-7.04723111955215
-1.02245179297092,-2.03136824343904,3.99856430708851e-12,2.04078383995432e-10,"111586281","LOC111586281_ENSAOCG00000010003","cytochrome P450 2J2-like.6","cytochrome P450 2J1-like.1",5.45121540208722,-1.43680885759405,-0.608094728347796,-7.89446730376084
-1.0216662606744,-2.03026248583084,1.57369863656873e-05,0.000137002106848898,"111586159","kcnk17_ENSAOCG00000014443","potassium channel, subfamily K, member 17","potassium channel subfamily K member 17-like",0.338250580117392,-1.74137305391465,-0.301959467434151,-4.54159273928873
-1.0214304155596,-2.02993061503392,2.36209559871849e-11,9.81124801559007e-10,"111565112","sytl2b_ENSAOCG00000001466","synaptotagmin-like 2b","synaptotagmin-like protein 2",3.6495068327688,-1.45530489572469,-0.5875559353945,-7.53181105852261
-1.0204241010857,-2.02851518333592,2.2283664461142e-10,7.22809586090478e-09,"111566647","endou","endonuclease, polyU-specific","endonuclease, poly(U) specific",7.06982041094086,-1.48235682716288,-0.558491375008523,-7.06735185281453
-1.01936579482329,-2.02702768732901,2.48368261743032e-06,2.72370449155877e-05,"118470536","LOC118470536","uncharacterized LOC118470536",NA,3.64115169970263,-1.67171747982822,-0.367014109818362,-4.9992287059857
-1.01837479679827,-2.02563578494307,0.000166392856516885,0.00101122159809838,"118470030","LOC118470030","uncharacterized LOC118470030",NA,-0.155914854827878,-1.85072212768621,-0.186027465910323,-3.91433317661646
-1.01816594992297,-2.02534257184319,2.84634462869319e-06,3.07445188629859e-05,"111565129","LOC111565129","zona pellucida-like domain-containing protein 1.1",NA,1.70906413844293,-1.67407726415215,-0.36225463569378,-4.96624549331731
-1.0168373069255,-2.02347820105268,6.92693390605651e-22,4.95313201946379e-19,"118471189","si:dkey-262k9.2","uncharacterized si:dkey-262k9.2",NA,6.7936229286987,-1.27914339179481,-0.754531222056194,-12.4021746755283
-1.01500990635559,-2.02091676967709,0.0124694785688253,0.0377838533223634,"111575598","LOC111575598_ENSAOCG00000021588","5-hydroxytryptamine receptor 3A.1","5-hydroxytryptamine receptor 3C-like",-0.77205411389979,-2.29097673923203,0.260956926520845,-2.54498737723288
-1.01438112572718,-2.02003617023759,4.35930577783413e-09,1.02943467374202e-07,"111562591","LOC111562591_ENSAOCG00000006904","alcohol dehydrogenase 1-like","alcohol dehydrogenase 1-like.2",5.67494189245646,-1.51852169981423,-0.510240551640123,-6.43730735719905
-1.01420808642752,-2.01979389818941,2.02759421495739e-08,3.9991139378894e-07,"111581922","LOC111581922_ENSAOCG00000009577","LIM/homeobox protein Lhx8","LIM/homeobox protein Lhx8-like",0.82286662584031,-1.54588099703286,-0.482535175822185,-6.10291432489753
-1.01296159850172,-2.01804955075297,9.90520903344961e-05,0.000651216093291935,"118470225","si:ch211-102c2.4","uncharacterized LOC118470225",NA,-0.605948024459427,-1.81170475213359,-0.214218444869857,-4.05733222355211
-1.00938977299702,-2.01305944191172,0.00789073046072762,0.0260500540562771,"111563878","LOC111563878","tripartite motif-containing protein 16-like.3",NA,0.26230569829907,-2.20027386398833,0.181494317994276,-2.71171562764288
-1.00727006382217,-2.01010388497139,2.9180318603149e-07,4.10002338658637e-06,"129348145","LOC129348145","C-C motif chemokine 3-like",NA,2.28298528830733,-1.59279632707071,-0.421743800573631,-5.50369406212685
-1.00672350196152,-2.00934250574377,9.60476833882493e-07,1.17739044098811e-05,"111587215","LOC111587215","myosin heavy chain, fast skeletal muscle-like.12",NA,12.3439969885457,-1.62301991199663,-0.390427091926405,-5.22607101286994
-1.00442008620074,-2.0061369368577,1.19163754974775e-08,2.49421667118241e-07,"111583054","LOC111583054_ENSAOCG00000011819","programmed cell death 1 ligand 1-like","programmed cell death 1 ligand 1-like",8.08281245373756,-1.52110556090541,-0.487734611496079,-6.21933390230133
-1.00210458884227,-2.00291970874744,9.03638200357889e-20,3.19058353431282e-17,"111574624","mpz","myelin protein zero","myelin protein zero",8.45257425899826,-1.28297081485115,-0.721238362833395,-11.4147990252055
